username,user id,access hash,name,group,group id
dlord1231,6025648638,2173296584214374482,ùìõùì∏ùìªùì≠,Memetoken community,2050569724
SuperHexa,7301310497,-6710285646308936746,Hexa,Memetoken community,2050569724
,6883559674,1157103990154072390,,Memetoken community,2050569724
,6679727943,3601243614557365238,,Memetoken community,2050569724
Koreanlone,6477811935,1490878940319323655,B S,Memetoken community,2050569724
,7103109361,-5056810975186589276,,Memetoken community,2050569724
socaritic,6729188484,-4056847307251824431,VG SATOSHI,Memetoken community,2050569724
RISK_911,6936054901,-4256259320601218009,ùôçùôÑùôéùôÜ,Memetoken community,2050569724
brcapo,956498512,-3962212025627795477,Brcapo,Memetoken community,2050569724
Lord_ssa,1873185403,-6145189459135428690,ÿßŸÑŸÇÿßÿ¶ÿØ,Memetoken community,2050569724
amandasmirnova,6242819132,-1244571039088162853,Amandaconda Wifhat,Memetoken community,2050569724
Cravenedge01,7071527093,100635635451367096,Cravenedge.Eth ü¶¥,Memetoken community,2050569724
mrpiyo,6645408112,4051193201764072424,mr.Piyo,Memetoken community,2050569724
hyveedeev,6360408045,-9054348969954500595,Hybee Dev,Memetoken community,2050569724
,5075720822,3157475859877787992,,Memetoken community,2050569724
i_teegee,156456944,-1721542139004776066,ITG,Memetoken community,2050569724
Kalairajan123,346643053,2663752678636064018,Q W,Memetoken community,2050569724
Lover10008,1840140967,3319209027970210499,Kf,Memetoken community,2050569724
crackdev1,6434089084,8645338364543152830,Devcrack,Memetoken community,2050569724
mybullz,6328885203,-4641942385762923330,MrBull,Memetoken community,2050569724
FishCakes,164682231,352001950874622696,Mike Toasty,Memetoken community,2050569724
Dex_davi,6098130799,-7188909871587588829,Dex,Memetoken community,2050569724
StrategyPs,6656928100,4593674430500597767,Ninja,Memetoken community,2050569724
Parkjimin557,5218399576,-4503497351660178856,Park Jimin,Memetoken community,2050569724
bbvebehzvczgzjz,5759809828,4012757664193331969,.,Memetoken community,2050569724
warddelabanda,6775381267,-3079152501614014144,Ward ü¶¥ Dlb,Memetoken community,2050569724
,6830715366,5243132824660763242,Á¨¨‰∏âÊñπ,Memetoken community,2050569724
michaeljoshuahutchinson13,7059514552,-3157427522677545627,Michael Rojas,Memetoken community,2050569724
MarrkTokl,6446340885,-6799111535401300905,KAKI,Memetoken community,2050569724
TigerXAlpha,6510982990,3872309568680961205,153 975,Memetoken community,2050569724
Budiajalahya,1142572720,-2440013715338341211,Budi Sukses,Memetoken community,2050569724
nirobggggg,6309659596,-1069410444030355606,Md Jalal,Memetoken community,2050569724
BeverlyKerl21,6813674632,-3092326925910937805,Beverly Kerl,Memetoken community,2050569724
BlenkeRendy,6203901684,5378550425285067025,Blenke Rendy,Memetoken community,2050569724
BobbePetrekk,7076955598,6825147177848012035,Bobbe Petrekk,Memetoken community,2050569724
BreenneVenesse,6820031337,6191176073309890932,Breenne Venesse,Memetoken community,2050569724
,7069035057,-7500568761403371840,,Memetoken community,2050569724
LUCKYFER,5233657573,5328122558740794714,ü¶¥TBEAR,Memetoken community,2050569724
,6853421668,3321192638904017976,,Memetoken community,2050569724
AmroAbdalgalil,6316348685,-2150791856241880341,Amr Abdalgalil,Memetoken community,2050569724
